"","LMiller_00458.Swab","LMiller_00459.Swab","LMiller_00461.Swab","LMiller_00462.Swab","LMiller_00466.Swab","LMiller_00467.Swab","LMiller_00468.Swab","LMiller_00469.Swab","LMiller_00473.Swab","LMiller_00476.Swab","LMiller_00477.Swab","LMiller_00481.Swab"
"3093cc8f14899ad0a903ad74583c1bed",0,0,0,0,0,0,0,0,0,0,0,0
"f93c45431d741ea9c35fbce351cf9514",0,0,0,0,0,0,0,0,0,0,0,0
"1b98b00b0fc819488d76aa0c09d57bcc",0,0,0,0,0,0,0,0,0,0,0,0
"09f9294499192d4eecf29e85501cc425",0,29,0,15,62,0,0,17,0,47,97,0
"86fc22982da07ab2a62935194f7c6f7d",0,0,11,0,21,76,0,0,0,0,0,14
"65b2fb4442cdc2200be457cce105df9d",0,0,0,0,58,455,0,0,0,0,0,0
"e63dfdbc2865ef713259926ddf0177d2",0,0,0,0,0,0,0,0,0,181,0,0
"164888579b3fc5fa594b1a3f92f6be9e",0,30,0,0,0,0,231,0,0,0,0,0
"5f78c6469abc75369906f18cf0642d99",0,0,0,0,0,0,0,0,531,0,0,50
"53f35fbed6b19a16f807663858c1fa87",0,0,0,0,0,0,0,0,0,0,0,0
"d48197bd92b8c6a3f172ac4dd30d91eb",438,42,35,70,120,101,82,80,112,70,62,45
"fc8675312fba62140c723a9429998935",14,0,0,0,0,0,0,0,0,0,0,0
"8b33fbebe288284c0dbd87b16f900e55",0,0,0,0,29,0,32,0,0,0,0,0
"eabdd9c6aafdfef7838ebf30c547c9d1",0,0,0,0,0,0,0,0,0,0,0,0
"e104c243ea51ee7b69c455fabfd7dad7",0,0,0,0,0,0,0,0,0,0,0,0
"1bdad0b4f050c7cbdd63f50b2e03fba7",0,0,0,0,0,0,0,0,0,0,0,0
"a64d7739eca07ac196f81d593895fb85",0,0,0,0,0,12,11,0,0,0,0,0
"daf2e8915db65fd0667cfb7ac598f6c5",0,0,0,0,91,18,0,0,0,0,12,0
"16b5557da675aa2b9f51caa7bf36581c",0,0,0,0,0,41,95,0,0,0,0,0
"abb93be57b1955eb8b72b962a1718ec9",0,0,0,0,146,0,0,0,0,0,0,0
"2a13ffc871287f78ec30a99e4b411039",0,120,0,11,114,124,0,0,0,0,0,9
"ad438df65d7ef791daf65c44cb24044a",0,0,24,0,0,0,0,0,0,0,0,0
"4b1ac280cc66f5e47268dc0d33312255",0,36,0,0,0,605,53,0,104,0,0,23
"2923feeb11dc42c2f0cb11cdbb8755c9",0,0,24,0,0,0,0,0,0,0,30,0
"dd7c265161dab3b6c1a7b745a32e4d31",0,56,0,0,258,126,87,0,0,20,30,0
"74c209388c56ee5a93fa225d6f973396",0,0,0,0,122,61,0,0,0,17,0,0
"099b8896f5c84538317d75c69d8422e5",0,0,0,0,0,0,0,0,0,0,269,0
"0436cf47bb12fc3027d94c39ae4d828a",0,0,0,0,0,102,546,0,0,0,0,47
"d04164791bd6b9ffcdf5b33ee129c6b5",0,0,94,56,832,2611,211,42,28,320,0,0
"f5e56e5421fe77fa207c8c6c4c16a4fb",0,0,0,0,16,251,66,0,0,38,0,17
"160db545d9379a772525027e489d8ef2",0,0,0,0,142,345,0,0,26,0,0,0
"75ed11f48189490dbb158e1e7e27b167",0,60,0,0,363,132,76,0,0,0,0,0
"36c80daae98d2dc716916ade3e852047",0,20,0,0,213,298,61,0,0,0,0,0
"a82d1e0712d504e0239634e3e5321438",0,0,0,0,0,0,0,0,0,0,0,15
"697c3c5367c73e389a9a034ce1d7b737",0,0,0,0,21,0,17,0,0,0,0,0
"d60593a75368eb2dd66ecbbec3313863",0,0,0,0,0,0,0,0,0,0,0,0
"f5ffd05c1e22f1cdcd3e9f384e8cb317",0,0,0,0,0,0,0,0,0,0,0,0
"290a870c0b153a6f31aa38df81ae5e9d",0,0,0,0,0,0,0,0,0,0,0,0
"416f578790b3f0667464e5cc97464a55",0,0,0,0,23,0,25,0,0,0,8,0
"647d11bd18aab6cfb71a394ecdab0c27",0,0,0,0,0,14,0,0,0,0,0,0
"b26833da2db0de54b3c32954c30fa48b",0,0,0,0,0,0,0,0,0,0,0,0
"b70052f1527ee64b4d266d671f5a14c3",5929,0,9,2380,33,206,1271,21,2571,444,3966,223
"401a1c628ed64d8c9241b7082e2cda0f",0,0,0,0,0,0,0,0,0,0,0,0
"f278701143062813b9855df7e5c03f24",0,0,0,0,0,0,0,0,0,0,0,0
"426a58d7fde254d8ff01fac25e36ff0e",23,0,0,0,0,0,0,0,0,0,0,9
"d1934d7c94c720cfef10dcdda067a628",0,0,0,0,42,0,0,0,0,0,0,0
"4fad8f0426e8eda5207b78b5e76cc3c4",131,13,0,0,52,147,126,0,2392,0,1277,0
"0a21726cd4952a96635576553da67787",224,0,150,1698,736,0,453,0,168,275,2463,49
"8ace2448befe36dc39fce9ad15a39983",0,0,0,0,0,0,0,0,0,0,0,0
"46412791f6227728741db1fac098dc23",71,0,0,16,0,0,0,0,55,0,1980,9
"d3bd11fd8f3cbbc4c15c2aec85761131",0,0,0,0,0,0,0,0,0,0,75,0
"00d4ed68e73301c40a34c5f4e70aa342",0,0,0,0,0,0,0,0,0,0,0,39
"baa3ee92750f65a79400a3496948666f",0,0,0,0,0,0,0,0,0,0,0,0
"f32f77adf5200e164c25fc750b1316b9",0,0,0,0,0,0,0,0,0,0,0,0
"d150d6fad77ceca71da50f4a347bbdee",0,0,0,0,0,0,0,0,0,0,0,0
"df37b62e507e32409df4885c1ad2ce14",0,0,0,0,0,0,0,0,0,0,0,0
"bd4bbed1242b5b5d6432dd913258b691",0,0,0,0,0,0,0,0,0,0,0,0
"9ba6fd3e1c6b40ecd8c1dc35a6836c79",0,0,0,0,0,0,0,0,0,0,0,0
"e6254f3b5a16e0b168db873d5ca3b1ca",0,0,0,0,0,0,0,0,0,0,0,0
"fb3bfadb9daebbae195a2fe1dfe318e6",0,0,0,0,0,0,0,0,0,0,158,0
"0b9121c5f4cc15f1ff7b5509946137e6",0,0,0,0,0,0,0,0,0,0,0,0
"87f48a9d781c3b72abf3fa92f896f2f7",150,0,0,0,97,0,0,0,0,0,0,0
"b7d858871c56b4130c6556ce3f29fd20",0,0,0,0,0,0,0,0,0,0,0,0
"d81947531814a1fe71c12a67d3cc5c2f",0,0,0,0,0,0,0,0,0,0,0,0
"da6a7cba87e0895b9cbe6037b9bd8b3b",0,0,0,34,21,0,14,27,0,0,29,0
"675c847bccbc53942ebb7b8cbb4efc4d",45,36,20,0,0,0,0,0,32,0,0,0
"f33bfd8864ae5b60963b8b929de87561",0,0,0,0,0,0,0,0,0,0,0,0
"77fc8c8486167edc801c5043afff5886",0,0,0,0,0,0,0,0,0,0,0,0
"9441ebd7d976e935bd4f3f85ad6b9cd5",0,0,0,0,0,0,0,0,0,0,0,0
"c890ba30bf6a001d11929e3d668b59ad",0,0,0,0,0,0,0,0,0,0,0,26
"26931bf4bb8670b19ce17f4ac2eb65d2",0,0,0,0,0,0,0,0,0,0,0,0
"712f610d95151fd7db44bd3a13e3ad15",0,0,0,0,0,0,0,0,0,0,0,0
"32f8fd11d2bee278d609a1d4ab767554",0,0,0,0,0,0,0,0,0,0,0,0
"6d2fe5e4cd55c89c512f6cd275e19a0f",0,0,0,0,0,0,0,0,0,0,42,0
"116b000bcdd330f4319bda48bd997abf",0,0,0,0,0,0,0,0,0,0,0,0
"23b8bac0a94108cbf1f74ab89aec965b",0,0,0,0,2,0,0,0,0,0,0,0
"f0801df3310d0f06c07a96b1a2542be0",0,0,0,0,0,0,0,0,0,0,0,0
"cbef40f459197faa8de7bba6a4764a34",0,0,0,0,0,0,0,0,0,0,0,0
"3f12a0e59a953a1871265f6f4fa579f9",0,0,0,0,0,0,0,0,0,0,0,0
"84f78f5ce68484506a620a9c8d2e2acf",0,0,7,0,17,0,28,0,0,0,0,12
"510fc7ce79e4b9d729b7c819bf9e11c0",0,0,0,0,0,0,0,0,3,0,0,0
"49c9253965d56bb180d4f561cf8d84e8",0,0,0,0,0,0,0,0,0,0,0,0
"4cddc40fdec49f4b0ff037423eb87508",0,0,0,3,0,0,0,0,0,0,0,0
"69e34725046181e6cd5f33d9fb348af5",0,0,0,0,0,0,0,0,0,0,2,0
"e63ffa8bebe9df680f70be3bef91764a",0,0,190,0,0,0,65,3400,0,363,0,0
"f2962123bb8adaeb1b746ef8a4f7f836",3220,0,672,2270,3141,4138,5500,4933,771,1422,3084,432
"53574d96bc87bc4627cabdfd91d76f6b",0,0,0,0,0,0,0,0,0,0,0,0
"83e4a73079b72096bd9977dd7432d6c6",0,0,0,0,0,0,118,0,0,0,73,0
"456161d143404951deb16068641baa6a",0,0,0,0,0,0,0,0,0,0,0,0
"899befdfdfdd08fe72df5def771a14b3",0,0,0,0,0,579,0,0,0,0,0,0
"8e6a7b11fe615c61f76969d70ec45683",0,0,0,0,92,0,0,0,0,0,0,0
"b72f553aef14f8ef9f2765e42c6b2d7a",0,0,0,0,0,0,47,0,0,70,0,0
"224102d609b83a172b11bd9115107f16",0,0,0,0,0,237,0,0,0,0,0,0
"7da9ea0ec3649a2fbfa3741ba3fa5f9d",0,0,0,0,0,0,0,0,0,0,0,0
"8d781fd45124d1e47ca5d12f6d6d4867",0,0,0,0,0,0,0,0,0,0,0,0
"1a794428f534b81a86ddc63868ee5c79",0,0,0,0,0,0,0,0,0,0,0,0
"f7abb471a96bfa8f310a879a94b3c40c",0,0,0,0,0,0,0,0,0,0,0,0
"6539cdf264635d79b1ab259dd5b3b4f0",0,0,0,0,0,0,0,0,0,0,0,0
"0e4b96294f2a2985a5d7fd8c87f7ce6d",0,0,0,0,0,0,0,0,0,0,0,0
"3fcc25b2980ff3e947b58c198106dd41",0,0,0,0,0,0,0,0,0,0,0,0
"9ec111134b7f857a1d270b470fbf331e",0,0,0,0,0,0,29,0,0,0,0,0
"c93b4ca3ad027d51d34b0a709e5c8e7d",0,0,0,0,0,0,0,0,0,0,0,0
"740d90e488e102d30a456e0be1424529",0,0,0,0,0,0,0,0,0,0,0,0
"05af8312a092f309b269c945433c8793",0,0,0,0,0,0,0,0,0,0,0,0
"38b148b47cb8a9c1f05e1acbd1aede41",0,0,0,0,0,0,0,0,0,0,0,0
"660d9218a1dcdd1a2c76772bd32a09e3",0,0,0,0,0,0,0,0,0,0,0,0
"534a87137f5cda736f0a6c2b284feeb4",0,0,0,0,0,0,0,0,0,0,0,0
"e66c2bc92d5b9f582ab65e1b557566d0",0,0,0,0,0,0,0,0,0,0,0,0
"bf35f4019fc184fb342f34cc388ae989",0,21,5,0,0,0,0,0,0,0,0,0
"700ccbd453cc5809e234cee03ff7441d",0,0,0,0,0,0,0,0,0,0,0,0
"b0c70610dfa252ae7d04f3c8703cc487",0,0,0,0,0,0,0,0,0,0,0,0
"2b469462420172d5e0cbd09f01470284",0,0,0,0,0,0,0,0,0,0,0,0
"ff6211d2bd501975fa7f02a82e9941ce",0,0,0,0,0,0,0,0,0,0,0,0
"cb1c6b2a65a978f942ed88a1a18a647d",0,0,0,0,0,0,0,0,0,0,0,0
"98489635e6eb9f5984ffa6a09550122b",0,0,0,0,0,0,0,0,0,0,0,0
"1e0534062d4980cfbf7b2f7527fd3096",0,0,0,0,0,0,0,0,0,0,0,0
"ea74b1e5fc10fb3a74f2825d6865d740",0,0,0,0,0,0,0,0,0,0,4,0
"139e832c69fb177d68bb0f5cb8594845",0,0,0,0,0,0,0,0,0,0,0,0
"26973a1da4599bd0f344655b62b2cc23",0,0,0,0,21,0,20,0,0,0,0,0
"c3a43e9dca56be145dbc08c893128e6f",0,0,0,0,0,0,0,0,0,0,0,0
"70bd26abb09389c3b2492d86d40898cf",0,0,0,0,0,0,0,0,0,0,0,0
"2c7f71a361403e18f79bf7f4cf3afb87",0,0,0,0,0,0,0,0,0,0,0,36
"64ad135aaec0335a493399455ed5dd14",2,0,0,0,0,0,0,0,7,0,0,0
"aebd127d4e002a91e72bae5f02ee1463",0,0,0,0,0,0,0,0,0,0,0,0
"2761fe77546517a10b961f626feca59d",163,0,7,25,103,0,131,0,0,0,301,0
"98aa7bb57619ef31b3aab7b8282b3451",0,0,0,0,61,0,59,0,0,2,37,0
"6e3e062d65c1b047950a2492118eb70b",0,0,0,0,0,0,0,0,0,0,0,23
"6128c061f0201a07dcabe9199a0ba49e",0,0,0,0,0,0,0,0,0,0,0,0
"3f6e11d7ef2402e8727aa06d29ce24c1",0,0,0,0,0,0,0,0,0,0,0,0
"95bad341693ce7adba4d4fe762e8f5b2",0,0,0,0,0,0,3,0,0,0,0,0
"4ab6728d229767ccc5829b0a3b8f139f",0,0,0,0,0,0,0,0,0,0,0,0
"d0927320ada446780d3e125cc548c9ac",0,0,0,0,0,0,0,0,0,0,0,0
"92492a89b08d1e29404c35ba08f01f68",0,0,0,0,2,0,0,0,0,0,0,0
"2a1a15bcb8089042a9bd96f11747c526",0,0,0,0,69,0,0,0,0,0,0,0
"ab65dc9c8cb103472dad8df3ad2206a1",0,0,78,101,148,0,0,0,0,0,121,0
"8e8a8f851ead3233a07f8cda15142885",0,0,0,0,0,0,0,0,0,0,0,0
"7a2968d1b152960ec255d04de612f814",2233,0,0,0,0,0,0,0,0,0,0,0
"9e27a916ef961771585cc4ef459ca828",0,13,0,0,0,0,0,0,0,0,0,0
"adf49f9046706086b08d4e1eda46525c",0,0,0,0,0,0,0,0,0,0,0,0
"714a83fc11043748846e425804b7603c",0,0,0,0,0,0,0,0,0,0,0,0
"1c5ca49e54e39bfb1568413868a6641b",0,0,0,0,0,0,0,0,0,0,0,0
"c03cfb7503bfe54dba9844581c0da167",0,0,0,0,0,0,0,0,0,0,0,0
"ad027c2e39f567f099ca4fe43e6bcd80",0,0,0,0,0,0,0,0,0,0,0,0
"fbb87e6cb86026e699477563fd6291aa",0,0,0,0,0,0,0,0,0,0,0,0
"891ec38db10d8b723d730ef81aa400cb",0,0,0,0,0,0,0,0,0,0,0,0
"72827c994953a87988555b1752c3d2fe",0,0,0,0,0,0,0,0,0,0,0,0
"8472a38a835527bbe16679f89f9e0bc8",0,0,0,0,0,0,0,0,0,0,0,0
"37125fc6b7326af0e29ddb765d441528",0,4,0,0,0,0,0,0,0,0,0,0
"6c8eb978a6a72481eb1f4bfdfdc51a30",0,0,0,0,0,0,0,0,0,0,0,0
"7beb3425166d777b19384223e61aa36a",0,0,0,0,0,0,0,0,0,0,0,0
"c885cae6737b13185173764ee4fde3cd",0,0,0,0,0,0,0,0,0,0,0,0
"3df21e281098635b028cc08fb4c77017",0,0,0,0,0,0,0,0,0,0,0,0
"7c2e801ea02e95945967ebb60d9e0637",0,0,0,0,0,0,0,0,0,0,0,0
"12274abadf66a2ac2a2647bbb9bc6f43",1188,673,195,112,293,3596,1248,58,819,194,406,128
"19110865bea32f92d7e104089a2e9bf7",0,0,0,0,157,0,0,0,0,0,0,0
"a98d48f8af741cfcb131c0cd46be9bab",0,0,0,0,273,0,0,0,0,0,0,0
"76f41a937195b523b4afa4cdfd68d994",0,0,0,0,0,0,140,0,0,0,0,0
"e6d24e918a1de879ec63c45791adbdf2",0,0,0,0,0,0,102,0,0,0,0,0
"a97f91b77ce7550a71df88ab38ddc5fd",69,0,0,0,0,0,0,0,0,0,0,0
"8674dcf0cfe35939037fa9a5b986866f",360,0,0,0,328,0,0,0,666,0,183,59
"f4e78e2e397dc8bd3ca2f87c245a8773",640,544,0,153,1366,3248,1463,116,414,1914,668,0
"8cb7a412b46a1563748668bbdccbed58",0,0,0,0,0,0,0,0,0,585,1300,0
"4a9b8bd29a743ada239277431b6b9cc0",0,0,0,0,0,0,0,0,0,0,343,0
"b39a10230a9863e6b8d1e6d9504f1c4a",79,0,0,0,41,0,0,0,0,191,0,0
"55556a9e46695b3de727d17be82bf4d9",18,0,0,0,0,0,0,0,0,0,0,0
"fa531a9e5007f7d080e555401270d85a",0,0,0,0,0,0,0,0,0,0,0,0
"17640594df4cfd68370b089d48efafab",0,0,0,0,0,0,0,0,0,0,179,0
"c22748d04da2d352854a7b6da3bc4f34",0,0,0,348,429,0,0,0,0,0,0,0
"eaec3537b269faaf09eedbfd87549aad",437,534,160,0,489,469,1019,92,321,271,1070,78
"eec3c3e16ed3a0e51fe28353ed4f31e4",0,0,0,0,0,0,0,0,212,0,0,0
"12941632fca9469f01b42e089244fb8d",0,0,0,0,0,0,0,0,0,0,0,0
"24e4a3997e50367598b3152939b4fb75",0,0,0,0,0,0,0,0,0,0,0,0
"46994e329da4f3393a8495036589323a",0,67,53,0,779,709,698,0,0,0,219,96
"e2cf3eec6b1c75ee81133be07a767e65",0,0,0,0,0,717,0,0,0,0,0,0
"bd17082ec008bea514740bddd3a285d6",0,0,0,0,0,0,0,0,0,0,0,0
"f7a9db5541f5b7ace4474c73743c0481",1119,0,1332,2367,327,121,0,12158,416,0,214,0
"c15ba7772639f42c56f35e97e5e8d48a",0,0,0,0,30,0,0,0,0,0,0,0
"5f5a0dbcf08566abdec210b40919e80a",0,0,0,0,0,0,0,0,0,44,0,0
"1cb66d96ee53ad0464a7cf199f48a1a3",0,0,0,0,0,128,0,11,0,0,10,0
"58bd2caa4af7ca54235a416d7ae32c8e",41,33,183,31,359,305,181,16,39,85,0,0
"55cc2b7edaba30b1e9c7450b82f0cb2b",106,0,0,36,0,841,0,0,0,97,0,48
"47aa48ec8ec154954dd2d49434737268",0,0,0,0,0,199,307,0,0,0,0,0
"5c5b789d178e6f22d65adaeb35a995fc",46,36,98,0,192,0,364,0,70,0,519,0
"a6fc343dd640208ff0816cdabec0426c",69,0,0,0,0,0,0,0,0,0,0,0
"822042c1e061b6de469404b6cac56aa9",0,62,0,0,211,0,137,0,0,0,0,23
"eb7bbc66c14e2e7e264e734b0f0c01b3",0,0,0,0,0,0,0,0,38,0,0,0
"3eac8b038216422f95f2431ce4b2cf4e",0,0,0,0,0,0,0,0,0,0,0,0
"6e1ee71cbf408dd92106150b93a0bfe1",21,0,491,10,210,23,0,155,0,0,55,212
"06693622f18b0d17a3a760c463f71e05",0,0,0,0,0,0,10,0,0,0,0,0
"c481f7cddfafbe8f143fea53336bea23",0,0,0,0,0,0,23,0,0,0,0,0
"52cdd4c3305b200497e8f8061fecb13c",0,0,0,0,0,0,0,0,0,0,0,0
"efe7cc345dac4c2359dcfda96d96376d",0,0,0,0,0,0,67,0,0,0,0,0
"3918f2dc36192512a91b0ee0953b9387",0,0,0,0,0,0,0,0,0,0,0,0
"e1338f53b51df73c057dd911212902fe",0,0,0,0,0,0,0,0,0,0,0,0
"4d4571162fbae9d6ce602994a5dd2a9a",0,0,0,0,0,0,18,0,0,0,0,93
"0cf6f47d179f04197b3594b915bb3b73",0,0,0,0,0,0,0,0,0,0,17,0
"26d3b95fe6bb4427f481226f783047a4",0,0,0,0,0,0,0,0,22,0,0,0
"ad6bc73d0dfe1b0bc3b7ca77e6f0a8dc",23,64,265,0,0,903,29,33,0,0,0,60
"46b8f9281865478261657da375e28424",0,0,0,0,0,4,0,0,0,0,0,0
"a375ce81db65e848c1f762344851193f",0,31,206,22,106,286,42,309,103,0,13,7
"6b15cd3552e3f49e35f1d88fc3fc76eb",0,0,0,0,0,0,0,0,0,12,0,0
"b4d3722f3030aea9885a8a6fa72bdf01",0,0,0,0,0,26,0,0,0,0,0,0
"56bec34febe4f9b1d5f58b4abe054b90",0,0,0,0,0,0,0,0,0,0,0,114
"a556ae43f7add6af6faadb29fbbf1834",0,0,0,0,0,0,35,0,0,0,0,0
"b0318249edbcc891c3774b7299ac3afd",0,0,0,0,0,0,0,0,0,0,0,0
"95f1b19195f23a58a9ecc445253a8a1c",673,0,482,79,8,33,1750,11,60,11,1140,342
"b0039e7430d2b8d443e507933f3075d7",345,0,0,45,49,12,72,0,0,0,0,0
"0bb321a78fb1ebda6f414b285bc9ff42",0,0,0,0,39,0,0,0,0,0,0,0
"384f663844f0b134b3d4b8aed83dfac0",0,0,0,0,0,0,0,0,0,0,0,3
"463448be7fe6ae1e5a096e746e6974c5",0,0,0,0,0,0,0,0,0,0,0,0
"4972757722cb02031094addcf082bb27",0,0,0,0,0,0,0,0,0,0,0,0
"32baf769cef5dfd68415214f4901ad8e",0,0,0,0,0,0,0,0,0,0,0,0
"46edd9a681a1c394007859666f76d477",0,0,0,0,0,0,0,0,0,0,0,0
"70869d0feda2b000386a1851bdfcaffe",0,0,0,0,0,0,0,0,0,0,0,0
"be74cad9381c15cfaa8e6071aa77e7f4",0,0,0,0,0,0,0,0,0,0,0,0
"6f7d59283d979b17a9834ab4c26d0076",0,0,0,0,0,0,0,0,0,0,0,0
"912f795ef3617aeb65ff9ad69b9567a8",0,0,0,0,0,0,0,0,0,0,0,0
"be97c9932a0a5035cac26dac49a66eb2",0,0,0,0,0,0,0,0,0,0,0,0
"970a0f4184a8820116f827e881f75110",0,0,0,0,0,0,0,0,0,0,0,0
"60f05f9e5d7e74d85a0f74164adcbd07",0,0,0,0,0,0,0,0,0,0,0,0
"77a1e8bc25be2a0afd352762ed9497ce",0,0,0,0,0,0,0,0,0,0,0,0
"b4289ab0a9a00034c1fbce477b2c4ded",0,0,0,0,0,0,0,0,0,0,0,0
"86d6db0b6e15510fa5d27ceae8fd5e0d",0,0,0,0,0,0,0,0,0,0,0,0
"6376ea6dab7d0fde3cd66f53b57e1484",0,0,0,0,0,0,0,0,0,0,0,0
"637b9b3f4d1cbb1a10c07817619cdf69",0,0,0,0,0,0,0,0,0,0,0,0
"1e766995d5d899c5028f77afef6bff77",0,0,0,0,0,0,0,0,0,0,0,0
"3d59754994ad442a8c7e69589d74a6ce",60,5064,0,1383,463,14544,3773,1424,3027,16,1383,41
"96536c137cc245cdb18aa943e30eba06",0,0,0,0,0,0,0,0,0,0,0,0
"85f7a5b552a1d4564bbfb316eafdf2bf",0,0,0,0,0,0,0,0,0,0,0,0
"a6be27329e6caf441973dafe2b0c303d",0,0,0,0,0,0,0,0,0,0,0,0
"19242d6e262c55c76fdde74fbd05d9ad",0,0,0,0,0,0,0,0,0,0,0,0
"7b881ac7680c0ccc0253deb22f230e1e",4261,1492,1744,657,1361,245,332,211,350,1151,537,513
"d998dd3fa19c17b739083a1ba1553dd1",0,0,0,0,0,0,0,0,0,0,0,0
"1719b5b8f753472e4f4d58ec01a1693c",0,620,828,597,245,0,5622,423,4279,3458,0,3327
"53e8f34b14b34a85e09d2cad651f71ae",1967,5893,413,0,1213,9426,2702,1448,2169,1022,2023,0
"08eea0c16a6996628e45a8f5ad6dbd75",3519,906,291,1142,886,292,1705,336,403,805,1224,789
"f057bbc717309187476ebe2dfaaf896e",0,0,0,0,0,0,0,0,0,0,0,0
"e56768537f475580b0a6214d82fbbd2c",0,0,0,0,0,0,0,0,0,0,0,0
"3778c8917a8a5499a2491f640765259b",0,0,0,0,0,0,0,0,0,0,261,0
"a7c6d28b5e1b2324721f2dff0e1e8fb5",51,0,138,0,0,32,103,30,0,393,0,164
"e78ecb138a8bee2a728274b849db12c1",0,0,0,0,230,0,0,0,0,0,0,43
"6009d6fc8b150038745fe8ccf3cf5ef0",72,23,0,96,109,0,139,49,0,0,0,24
"5a1f8ea54d04e18a7c14a5d2306a842f",0,0,44,0,484,81,0,0,0,0,66,0
"4bc29222703188e33f91bbc7f5e197cf",0,0,0,0,72,0,0,0,0,74,0,0
"d1330b8de9059f713830c82d88f3cc1b",0,0,0,0,0,0,0,0,0,2,0,0
"1c6676f6f82c2c187e35a381043cd8a8",0,0,0,0,0,0,0,0,0,2,0,0
"2e0b0e451c05867a0b6f53cc2647c3de",6,0,0,0,0,0,0,0,0,0,0,0
"b444c203840973d0159068701564fceb",0,0,0,0,0,0,0,0,0,0,0,0
"acff851a5437a518fdb83cffd7b43dae",0,0,0,0,0,0,0,0,0,11370,0,15425
"0891a144fc69f813d70a273cb534b6b0",0,0,0,0,0,0,0,0,0,0,0,0
"ebb890eaad754182c5a491a7d6c3fb8b",0,0,0,0,0,0,0,0,0,0,0,0
"09ea62c69c07eb44d971e83b2ce87219",0,0,0,0,0,0,0,0,0,0,0,0
"59f7d8a7f37d6eeec95eb556f33da267",15838,13924,5848,7715,8221,4468,4436,9152,7138,24648,5871,16133
"c1b603f83feeccc82b783143e3a970f9",0,0,298,0,0,0,0,307,0,0,0,0
"5249851d64d7ae50c21aee46d07f7b08",0,0,0,0,0,0,0,0,0,0,0,0
"5a39170d65625048b4ff1a2465563092",0,0,0,0,0,0,0,0,0,0,0,0
"b74d9f40f90058164720cbb8531c7c90",0,0,0,0,0,0,0,0,0,0,0,0
"bc54df7b889fb90fadcb7f804d05d8a0",0,0,0,0,0,0,0,0,0,0,0,0
"9b9c893d7f6ce1adb95f07ce2c42960e",0,0,0,0,0,0,0,0,0,0,0,0
"38185326e140564bb33e80e4f24b8f90",0,0,0,0,0,0,0,0,0,0,0,0
"54c0b458c79be85647cd3cff8e66059b",0,0,0,0,0,0,0,0,0,0,0,0
"5e433b20d9dee2171f80dad0383d8357",0,0,0,0,0,0,14,0,0,0,0,0
"a05aec2d8945f8d5c15e1575515202b7",0,0,0,0,5,0,0,0,0,0,0,0
"f4801b7a68515d9005fa572ee6afdf41",0,0,0,0,0,0,0,0,0,0,0,0
"abd34643df4e48940286e05ff8518132",0,0,0,0,0,0,0,0,0,0,0,0
"4608fae4bbc9964cdd17af8782f2155e",0,0,0,0,0,0,0,0,0,0,0,0
"ca6c2b3b469c08212142e8821c65882a",0,0,0,0,0,0,0,0,0,0,0,0
"8df2b2e6c1cb64bd18b81d5bae7f0898",0,0,0,0,0,0,0,0,0,0,0,0
"dac91e8bb4941252d8a158fef91c04dd",0,0,0,0,0,0,0,0,0,0,30,0
"6ef289e78d35a0091f18292b3d49d471",39,0,25,42,75,0,16,428,36,0,0,58
"1ec3448328311caec18abb5e28c5cccf",0,0,0,0,0,19,0,0,0,0,0,0
"e1d4f1eb76345f33375935a9f39dbde1",0,0,0,0,0,0,356,68,48,49,39,0
"b9036f07db75f286b5805c03c1ac4320",0,1129,0,0,27,0,0,0,0,0,0,0
"a713e827c5a2626f7505099dc81a21b9",0,0,0,203,1359,0,608,0,0,0,0,98
"4f5efd25dacb5d639316e7291ff6ff8b",0,0,0,0,0,0,0,0,0,0,0,0
"53f6674af6b3540c68d03f52f706afc3",293,0,0,0,0,0,0,0,0,0,0,0
"f1860fe716257bd5fd5c4c6a16cf3b95",86,0,0,252,1325,2580,289,130,460,173,2402,96
"450eece0641870cd6ca54c9e5f0208e9",0,0,0,0,0,31,0,0,0,0,0,0
"f1dba3ac75a97b30c9f63c29e7e64cc5",6,0,0,0,0,0,23,0,0,0,0,0
"5737e058385a6a34a3bcfdec9f73df47",0,0,0,0,60,0,0,3,0,0,0,0
"bac3c0867719c02b3aba4b8343759c33",0,0,0,0,0,0,0,0,0,0,0,0
"74792adac452eb3544cdc17064d6bbee",0,0,0,0,0,0,0,0,0,0,0,0
"12392e67db62c8e9a290f91ff957b2d2",0,0,0,0,0,0,0,0,0,0,0,0
"1a883863725eead9924f1c1ae4f7f3da",0,0,0,47,39,0,22,0,5,33,15,23
"cb28c53c2cc535734f0575251909154c",0,0,0,0,0,0,0,0,0,0,0,0
"4b961b84716ac167392b11929d702643",0,0,0,0,0,0,0,0,0,0,0,0
"57c2dccb6adba677d7c6bfe138d887fd",0,0,0,0,0,0,0,0,0,0,0,0
"bcba47620c299fd34809f143e3d26dff",0,0,0,0,0,0,0,0,0,0,0,0
"b5c8ed4496d79b916859402cdf11f0a7",0,0,0,0,0,0,0,0,0,0,0,0
"9ac3bb1d7dedb08a012692a6f536b5af",0,0,0,0,0,0,0,0,0,0,0,0
"79d4aa809f431563e812c9b2bc8cdc82",0,0,0,0,0,0,0,0,0,0,0,0
"6df622888bb6fd97a26850973d17ca34",0,0,0,0,0,0,0,0,0,0,0,0
"fd9d6b3b6e91b427f130a704a3919d2e",0,0,0,0,0,0,0,0,0,0,0,0
"645ff217bde3ad38899f4ef8c4d9acad",0,0,0,0,0,0,0,0,0,0,0,0
"b3291a2a85ebf15ba10983ef1ee0223a",0,0,0,0,0,0,0,0,0,0,0,0
"cbe9e5f34c7b6768d85759c1248cfddd",0,0,0,0,0,0,0,0,0,0,0,0
"fc6622c636a5210293fb2873fc4761d9",0,0,0,0,0,0,0,0,0,0,0,0
"b2bac62667dd5b7b46224f0fdf1b2265",0,0,0,0,0,0,0,0,0,0,0,0
"7ad886bb493ed298c1778ec6a0597c5c",0,0,0,0,0,0,0,0,0,0,0,0
"a537d8bab85c83b0e74c73c55790324b",0,0,0,0,0,0,0,0,0,0,0,0
"8b9e18c3af0357ee00702396af81803b",0,0,0,0,0,0,0,0,0,0,0,0
"fca290ee2c3fa91836b16a633cf02585",0,0,0,0,0,0,0,0,0,0,0,0
"6326363cc12189a386d6c9e5c711038d",0,0,0,0,0,0,0,0,0,0,0,0
"ab6b7b90747341ce39f82d0a22a1d37d",0,0,0,0,0,0,0,0,0,0,0,0
"c4f7f7d843eca4862537b5052067f2bb",0,0,0,0,0,0,0,0,0,0,0,0
"3d3f89fadf28973358458a50d436e91e",0,0,0,0,0,0,0,0,0,0,0,0
"ebdf0e5fb071c5c630db42b089a088b7",0,0,0,0,0,0,0,0,0,0,0,0
"74c80747312f035e999fed9e4eb935a1",0,0,0,0,0,0,0,0,0,0,0,0
"fc365e75b4a6ab38eecb084ef709c308",0,0,0,0,0,0,0,0,0,0,0,0
"45285d514ae9b6a9bfc5d09b7863f6f8",0,0,0,0,0,0,0,0,0,0,0,0
"7b28c20e72c6c95b3e604f0849245770",0,0,7,0,0,0,0,0,0,0,0,0
"9a10a4240bbd0fb6b267de1cbc401651",0,0,0,0,0,0,0,0,0,0,0,0
"3a73e4ba6c1efc15eceed959e5dfcd09",0,0,0,0,0,0,0,0,0,0,0,0
"7054b6ac948c1d9d17cfffc3ffafdc6a",0,0,0,0,0,0,0,0,0,0,0,0
"a4eac9fcad4c5f9555c01a06d10b6fc6",0,0,0,0,0,0,2,0,0,0,0,0
"b39c18497ac6662fe9314617a0618b1c",0,0,0,0,0,0,0,0,0,0,0,0
"e4fcc34b87d3eece6bf92cde47b63d84",0,0,0,0,0,0,0,0,0,0,0,0
"11ea0be31796e3697c0a200809d226c9",0,0,0,0,0,0,0,0,0,0,0,0
"0669483488e6bc7cc96908ebdfe1f160",0,0,0,0,0,0,9,0,0,0,0,0
"e93b313352019b8113e7fc66bf757917",0,0,0,0,0,12,0,0,0,0,0,0
"08ea1d1191e634047bd4f5d67c3e8b03",0,0,0,0,8,0,0,0,0,0,0,0
"40aec1a954f00728a41adf465bfd8ae1",0,0,0,0,0,0,0,0,0,0,0,0
"98bcf713cdab713b589f72f2ebcef570",0,0,0,0,0,0,0,0,0,0,0,0
"e994ae5567f24a896b477a67916f82a7",0,0,0,0,0,0,0,0,0,0,0,0
"e335f74033bc634af43ee6baa84fa247",0,0,0,0,0,0,0,0,0,0,0,0
"cc977711b62615f81f353a181ad959e1",0,0,0,0,0,0,0,0,0,0,0,0
"b25a309208292a220a84e34a9c8e9f70",0,0,0,0,0,0,0,0,0,0,6,0
"5e6462a5cd16be9501cf2b4effe78a3d",0,0,0,0,0,0,0,0,0,0,0,0
"7fb08fa9b7b2eef6a3db57d0de769227",0,0,0,0,0,0,0,0,0,0,0,0
"0e4f01e8305f56d0abbe06fd075f657b",0,0,0,0,0,0,0,0,0,0,0,3
"bc8f4b20da6a7efbc4cb6ede37704096",5,0,9,7,43,89,82,4,0,0,20,0
"742523a3a3ffee1ce7b6b8c568053736",0,0,0,0,0,0,0,0,3,0,0,0
"2c73db9e85fe1ace4b0ed52547c25f7d",0,0,0,0,0,0,0,0,0,0,0,0
"9580aa8a52ec18a4e92e701cdb595faa",0,0,0,0,0,0,0,0,0,0,0,0
"bde6c86785d8adde4cd2c63c92fad3b1",0,0,0,0,0,0,0,0,0,0,0,0
"03dc314a20a7b2ee0d90d01ffd242275",0,0,0,0,0,0,0,0,0,0,0,0
"3eb129ba3c12a44620647798dde41194",0,0,0,0,0,11,0,0,0,0,0,0
"f22ee0a5903daca754fb643cd345024e",518,0,0,53,78,0,9,115,27,15,119,30
"aefdd711d0f4fb8b0853c92d4aebcddd",0,0,0,0,0,0,0,0,0,0,0,0
"0717bc0df2712284d767eb9b61bcba12",0,0,0,0,0,0,0,0,0,0,0,0
"b4d8163d0c946cd46dbd0503a132828b",0,0,0,0,0,0,0,0,0,0,0,0
"0d7495cda74fc025bac3da9a05aa1160",0,0,0,0,0,0,0,0,0,0,0,0
"4a20a5244ec9c4dfa60b32a5cb53f0e9",0,0,0,0,0,0,0,0,0,0,0,0
"28bc0918b96a35946dbce4765671f220",0,0,0,0,0,0,0,0,0,0,0,0
"59777186ad2e0947e97615b5d6225136",0,0,0,0,0,0,0,0,0,0,0,0
"f5f5e0da89730462abaf6301a9557193",0,0,0,0,0,0,0,0,0,0,0,0
"3f3053fe60809d04ee141e8ad986eea1",0,0,0,0,0,0,0,0,0,0,0,0
"f0e507b4232d78baef7da47adb64cd0f",0,0,0,0,0,0,0,0,0,0,0,0
"14fcc0fe267b554476817be95f34c8fc",0,0,0,0,0,0,0,0,0,0,0,0
"3e1088a9b0a946fd0ce8e3621fb33e85",0,0,0,0,0,0,0,0,0,0,0,0
"68d79c3035521e82b504b081a197d2ed",0,0,0,0,0,0,0,0,0,0,0,0
"aae4c4ed528ae16ec417df816699cfdb",0,0,0,0,0,0,0,0,0,0,0,0
"65564efafb80060ef155c05105b8ed0b",0,0,0,0,0,0,0,0,0,0,0,0
"2e4f2b53b856c4def6d021d01f5abb70",0,0,0,0,0,0,0,0,0,0,0,0
"d71feb1923fa288790187009e8efa6d3",0,0,0,0,0,0,0,0,0,0,0,0
"00a96fbd0ac34bfd245f9c24f8737f7d",0,0,0,0,0,0,0,0,0,0,0,0
"9977686c30343be88979f8874db4f5ee",0,0,0,0,0,0,0,0,0,0,0,0
"c6c3ab4e828fb40d6e05967b7aac9338",0,0,0,0,0,0,0,0,0,0,0,0
"f73bc660ad02cf25a2e30bead37e34fd",0,0,0,0,0,0,0,0,0,0,0,0
"db7f42d2a4ded289e177bb4c00edff61",0,0,0,0,0,0,0,0,0,0,0,0
"2df371c65a7a3622b70415bd07c4081f",0,0,0,0,0,0,0,0,0,0,0,0
"46251d23749949f510561ffb46810e72",0,0,0,0,0,0,0,0,0,0,0,0
"8b53c1e7c9d8c5c7f2478c690c456448",0,0,0,0,0,0,0,0,0,0,0,0
"c05a9b572f318b0d5bed54862e21f4b5",0,0,0,0,0,0,7,0,0,0,0,0
"a97ff4c1f17e5aeb43ae254f3eeaadc5",0,0,0,0,14,0,0,0,0,0,0,0
"111451892edcf1bab8a7eef279a48829",0,0,0,0,0,0,19,0,0,0,0,0
"d4c3fc22b3695b304dba9cb14e40871c",0,0,0,0,0,4,0,0,0,0,0,0
"5715f067a454fd140c037672cdd136d4",0,0,0,0,0,0,0,0,0,0,0,0
"0facdd17bfc08b45b9e17f53466cf6d5",20,0,0,0,102,0,0,21,0,0,0,20
"61eb84d2c1b237d12e5820d0e8491d16",0,0,0,0,0,231,92,0,30,0,88,0
"893ab04b63ad54ae6f437b9eb337b34a",0,0,0,0,0,0,0,0,0,0,0,0
"bd5ef8f372e09bcf6ec35825be4f053c",0,0,0,0,0,0,0,0,0,0,0,0
"34c655d69d8d97a4cb465b7ca9b6e4f4",0,0,0,0,0,0,0,0,0,0,0,0
"8ddf72eaff96bbb6afd9af5190d41beb",0,3,0,0,0,0,0,0,0,0,0,0
"6794caffaf6122c413a2996c8c76f92d",0,0,0,0,0,0,0,0,0,0,0,0
"1130a5c382e6a46fb3da317221512084",0,0,0,0,0,0,0,0,0,0,0,0
"df63dbbefa3fb2d76c7807e5600fa3a9",0,0,0,0,0,0,0,0,0,0,0,0
"6b81b752be929fe8116057f314c04ebb",0,0,0,0,0,0,0,0,0,0,0,0
"1a2ccf46173284f8faddf904d183a8f0",0,0,0,0,0,0,0,0,0,0,0,0
"c252f2a8b75b40252a6c7b0f3738407b",0,0,0,0,0,0,0,0,0,0,0,0
"427549812f9051f8f372ff62ea807e78",0,0,0,0,0,0,0,0,0,0,0,0
"43de2d22c3f82423071816f91be76df7",0,0,0,0,0,0,0,0,0,0,0,0
"a9b24370bdb02a8ee91855de7b8b2813",0,0,0,0,0,0,0,0,0,0,0,0
"68b2f49cdf7c259310aad8a3d5a88521",0,0,0,0,0,0,0,0,0,0,0,0
"9463140c5447404906615edb03bca4c8",0,0,0,0,0,0,0,0,0,0,0,0
"d83f60183d81253a505beaeef3cd168f",0,0,0,0,0,0,0,0,0,0,0,0
"0987e0bb2312b68231749472c20fc3e8",0,0,0,0,0,0,0,0,0,0,0,0
"1902045fa7900495d421b8a8f308eb85",0,0,0,0,0,0,0,0,0,0,0,0
"c6a2f591dadc98f64cee63b02fdbd7a6",0,0,0,0,0,0,0,0,0,0,0,0
"2721fd42d5373667f111c60faaf21eac",0,0,0,0,0,0,0,0,0,0,0,0
"24cc3e5ed7ac688aa9ba397a1c975eef",0,0,0,0,0,0,0,0,0,0,0,0
"4f2e0db8ab996cf7529fe9d41f8cce7a",0,0,0,0,0,0,0,0,0,0,0,0
"820f6693f569e339f183638cd73a7fe6",0,0,0,0,0,0,0,0,0,0,0,0
"77a920bd965da12d31f93c1adf2c5ea1",0,0,9,0,46,11,37,0,0,0,0,0
"455219eeb206cd432bf64f51159e0b4c",0,4,0,0,7,13,13,0,0,0,0,0
"aa9b3a1418d146c262ec63305292065a",0,0,0,0,0,0,0,0,0,0,0,0
"7d78ed99b08bd1723065fdd795d17e9c",0,0,0,0,0,0,0,0,0,0,0,0
"497a26126c9e726c768bdec79e8c4e9b",0,0,0,0,0,0,0,0,0,0,0,0
"3cd9ce63f826137d18ca1a11155a21ad",0,0,0,0,0,0,0,0,0,0,0,0
"77385b25f24d23e87b64319c3bdc63ce",0,0,0,0,0,0,0,0,0,0,0,0
"d8cd6708752160e97ea91073d838a7a3",0,0,0,0,0,0,0,0,0,0,0,0
"113e6b62ab32f8b56572e4c4b9ab7a51",0,0,0,0,0,0,0,0,0,0,0,0
"d39a41028decdb96137579f346520e9d",0,0,0,0,0,0,0,0,0,0,0,0
"128e171e4b500bd005076b40f2baf55e",0,0,0,0,0,0,0,0,0,0,0,0
"df8456a1abbfb4c8a2c450b44378d4cb",0,0,0,0,0,0,0,0,0,0,0,0
"75a3e20e916ee5ec7dceae34a1bc0209",0,7,13,0,0,0,0,0,0,0,0,0
"0ed3a6836e138f14044f6950ad7280d2",0,0,0,0,0,15,0,0,4,0,4,0
"971e23d78c4b1b44672665973cff6327",0,0,0,0,0,0,0,0,0,0,0,0
"86a086d2aedaf97453458f07c10e29ad",0,0,0,0,0,0,0,0,0,0,0,0
"40f08ff751166fd3cede946315c73f76",0,0,0,0,0,0,0,0,0,0,0,0
"97f9ce45bbf00eb0dc0db5b7e11e6aab",0,0,0,0,0,0,0,0,0,0,0,0
"840d392f141c9aacf0a0728d9a8001be",0,0,0,0,6,0,0,0,0,0,0,0
"c7c3a99e738a8eb43e029959f2a9def9",0,0,0,0,0,0,0,0,0,0,22,0
"cb69064af2354add642bb1a01ed3cab4",0,0,0,0,0,12,5,0,0,0,0,24
"3756682a80bcc83817cb1b5c5366d144",0,0,0,0,0,0,0,0,0,0,0,38
"dcb780205dff9735d08f1a23c93470cf",0,0,0,0,0,0,0,0,0,0,0,0
"94a302cc7a648f23c27353f085b24e06",0,0,0,0,0,0,0,0,0,0,0,0
"4389ca84941288b4c15ae6c6b8cb5313",0,0,0,0,0,0,0,0,0,0,0,0
"843c1e156a6272162022b488a158df60",0,0,0,0,0,0,0,0,0,0,0,0
"8e9f26df4f3f78c0492321dc7c6216ec",0,0,0,0,0,0,0,0,0,0,0,0
"531712f52227b63c1021521ebd29c475",0,0,0,0,0,0,0,0,0,0,0,0
"ea358b1ebdd7b754b4537189f97c220a",120,17,779,0,0,74,0,233,75,35,294,815
"b022b5312f30be684bdd2cc66030dea5",608,0,248,986,327,0,704,90,247,0,787,0
"76a2a89fb35336e7b117fc44ff915092",1251,1432,768,47,262,2149,0,606,842,2352,886,0
"cd9401a6bce4a63af516d06d2a843f9d",1813,654,306,415,529,800,1227,545,384,2099,2236,1310
"68aed095c691f3c043b9f6fc89890a2d",0,0,0,2,0,0,0,0,0,0,0,0
"9688f626baffe31c883bafae597fbdae",0,0,0,0,0,0,0,0,0,0,0,0
"be22632d5e3f6175707a3213d7a90ad2",0,0,0,0,0,0,0,0,0,0,0,0
"dbc4e481aa19da376e92bbe4d8ff42d3",0,0,0,0,0,0,0,0,0,0,0,0
"37fd93193e4e5ef521ca38dadafa3a5a",0,0,0,0,0,0,0,0,0,73,0,0
"eae880eaa9c99650e399d9b4eb5dd3b0",0,0,0,0,0,0,0,0,0,0,0,0
"0f08a8ba9e95c5cfed91d475028e2855",0,0,0,0,0,0,0,0,0,0,0,86
"a6797af6081420fae8c781cfde495897",0,0,0,0,0,0,0,65,0,0,0,0
"923f521b9cf313f1f95c9367e09bbc1c",0,0,0,0,0,0,0,0,0,0,0,0
"e793490ff3ebd72c4457a0e1f427eb5c",0,0,0,0,0,0,0,0,0,0,0,0
"e4916954a7b156cbb911bb3c0af10d53",0,0,0,0,0,0,0,0,0,0,0,0
"b6254c4d9f9e5f89f3060f6805754c17",0,0,0,0,0,0,0,0,0,0,0,0
"a0871318729fc2d9f6ae1be8b45fa952",0,0,0,0,0,0,0,0,0,0,0,0
"ee864e547658d4889c993de87b1a349a",0,0,0,0,0,0,0,0,0,0,0,0
"aafb6ca6537c21f170ece1de474769ab",0,0,0,0,0,0,0,0,0,0,0,0
"65d43491988bfe557da4d86a5ba25dae",0,0,0,0,0,0,0,0,0,0,0,0
"8339a12705dd373194b95ba731c47af8",0,0,0,0,0,0,0,0,0,0,0,0
"f849febf52b4ae538554b6e65d7fc47c",0,0,0,0,0,0,0,0,0,0,0,0
"126e0259d6df65a50a9d14149a30f477",0,0,0,0,0,0,0,0,0,0,0,0
"9e1b1776cd5973bca311645149a85b87",0,0,0,0,0,0,0,0,0,0,0,0
"5b30ecd29701a77b385770d15cab1704",64,718,0,0,0,32,0,0,0,0,176,0
"c52d6c2088db628632b7a14c0e5d752d",0,0,0,0,0,0,0,0,0,0,0,0
"d23346fdcf9ebe8e57dbd511acaee05d",149,0,0,0,0,0,0,0,0,0,0,0
"26633175b4d2a2f5feb6ebb9b87321f3",0,0,0,0,0,0,0,0,0,0,0,0
"85c44c83eddc5d3028261a1000b7d0e1",1146,448,1105,502,380,174,782,1008,1719,415,476,804
"b03d2e5ac94c7a0d115e5c542e9315e8",0,0,0,0,0,0,0,0,0,0,0,0
"50fd1c9614c2cdbad76a0cee521fb46b",0,0,0,0,0,0,0,0,0,0,0,0
"65641452be75528754b5ae258ba661c1",0,0,0,0,0,0,0,0,0,0,0,0
"29fbc7e5021229480248fa7466a499a2",47,376,35,19,26,170,47,168,278,101,101,49
"05bd1d289c2bccf4501b2f90976e531b",0,0,0,0,0,0,0,0,0,0,0,0
"8e53132374397c334ee9f914a57b3edd",0,0,0,0,0,0,0,0,0,0,0,0
"95fdd816723ca482a5caba10bea171c8",0,0,0,0,0,0,0,0,0,0,0,0
"45d4fe3f6c01f77c2dfc11dd91d3359a",0,0,0,0,0,0,0,0,0,0,0,0
"d6a526b572996ed919a3e009473bc860",0,0,0,0,0,0,0,0,0,0,0,0
"5d1665b0e47078aaf2b5fe621d09976d",0,0,0,0,0,0,0,0,0,0,0,0
"0df6c802966e8670279671824da4f10a",0,0,0,0,0,0,0,0,0,0,0,0
"2bd9309f2f97cae51d18d06ea1ca519a",0,0,0,0,0,70,0,0,0,0,0,0
"9908fffab7ed4f3bec44cda2f5084d49",0,0,0,0,0,0,0,0,0,0,0,0
"9e75d15ba3717ca20d8aa45e3c4a6bab",0,0,0,0,0,0,0,0,0,0,0,0
"06f825b512d903b9230e1a55d87359ee",266,697,251,58,221,1023,170,138,1022,1480,375,150
"55b7b7586b6252b87981f170d6ac11c5",206,0,298,35,0,0,110,415,958,221,211,1430
"b4fd80c189d9f173e66fcea1caf8111e",1268,1096,5849,1507,435,312,1833,788,1049,504,279,4754
"b2001ab4daf61a63d9d2f980bdf2c3dd",0,0,0,0,0,0,0,0,0,0,0,0
"108bd50f45057fda4dd3f24f9fae46fa",0,0,0,0,0,0,0,0,0,0,0,0
"2cc07609ab15894baed9fe4c508dd12d",0,0,0,0,0,0,5,0,0,0,0,0
"197157305cb21721cdc0e4aadc9460e2",0,0,0,0,0,0,0,0,0,0,0,0
"aa231e014d821dc7845da2972df0a230",0,0,0,0,0,0,0,0,0,0,0,0
"41c50945f46692bc4a1552bfcb20f397",374,286,2405,453,2433,259,277,645,99,1368,336,6227
"94b8f960aa3adb2f6f23adf0c26e6058",76,0,0,0,129,0,418,145,0,0,58,0
"5179a2d863129db0480a654447b8b62b",0,0,523,0,0,0,0,0,0,0,0,0
"edc9e5c16e40aff1eadce6597940f08f",0,0,0,0,0,0,0,0,0,0,0,0
"492d3ad15aeb63c93e1c94ed7853f5af",0,0,0,0,0,0,0,0,0,0,0,0
"a966196c8aff0e8664f261016da82614",0,0,0,0,0,19,0,0,0,0,34,108
"027cc4e57f832f6792df8fc21ffd9bbb",0,0,0,0,0,0,0,0,0,19,0,0
"4ba7a78de011ba7897f307038d1e1bab",0,0,0,0,57,0,86,0,0,0,0,0
"1b51357852b0b814b4d9918c6f0ab762",0,676,0,0,0,0,79,209,156,0,0,0
"39414efe8e809129734b7c33d06c42b7",101,2075,263,40,314,397,283,282,111,205,88,218
"9fec7bdd6bd88e710bd69b15692e54a0",0,0,0,0,0,0,0,0,0,0,0,0
"860d345a8b6afb765a0e588654f08c1d",93,424,0,171,20,0,0,228,0,237,0,0
"e7cfd084265c4df4856ca07b1c9b24ee",0,0,0,0,0,0,0,0,0,0,0,17
"d58e3747278152d2506e3587184efd10",0,0,0,0,0,0,0,0,0,0,0,0
"d114fb4c335125128be28401522dd41a",0,0,0,0,0,0,0,0,0,0,0,0
